module;function
arduino_6_UNO.cpp;do_arduino_config
arduino_core_6_UNO.cpp;do_arduino_draw_input
arduino_core_6_UNO.cpp;arduino_do_analog_in_whitecat
arduino_core_6_UNO.cpp;arduino_do_digital_in_whitecat
arduino_core_6_UNO.cpp;new_arduino_decode_array_method
arduino_core_6_UNO.cpp;arduino_read
arduino_core_6_UNO.cpp;arduino_merge_and_do_data_out
arduino_core_6_UNO.cpp;ticker_arduino
arduino_core_6_UNO.cpp;END_OF_FUNCTION
arduino_device_core.cpp;arduino_init
arduino_device_core.cpp;arduino_close
audio_core5.cpp;Load_audiofiles_cues
audio_core5.cpp;AffectSoundFile
audio_core5.cpp;do_audio_midi_function_next_prev_track
audio_core5.cpp;sound_core_processing
audio_core5.cpp;Control_Audio_thruth_faders
audio_core5.cpp;ShowSupportedAudioDevices
audio_core5.cpp;InitSound
audio_core5.cpp;do_logical_fader_niveau_son
audio_core5.cpp;do_logical_lecteur_audio
audio_core5.cpp;do_logical_fenetre_audio
audio_visu4.cpp;fader_niveau_son
audio_visu4.cpp;lecteur_audio
audio_visu4.cpp;fenetre_audio
banger_core_8.cpp;Chrono_Reset
banger_core_8.cpp;store_state_of_fader_before_bang
banger_core_8.cpp;restore_state_of_fader_before_bang
banger_core_8.cpp;Bang_event_back
banger_core_8.cpp;back_up_fader_if_a_fader_inside
banger_core_8.cpp;do_send_bang
banger_core_8.cpp;Bang_event
banger_core_8.cpp;do_loop_bang
banger_core_8.cpp;do_bang
banger_core_8.cpp;do_go_back_bang
banger_core_8.cpp;do_logical_feedback_banger
banger_core_8.cpp;do_logical_fenetre_banger
banger_core_8.cpp;refresh_banger_wx
banger_visu_8.cpp;alarm_window
banger_visu_8.cpp;feedback_banger
banger_visu_8.cpp;fenetre_banger
Call_everybody_5.cpp;reset_other_index_cfg
Call_everybody_5.cpp;do_logical_FunctionBoxChannel
Call_everybody_5.cpp;FunctionBoxChannel
Call_everybody_5.cpp;do_logical_Menus
Call_everybody_5.cpp;Menus
CFG_config_panel_8.cpp;init_kbd_custom
CFG_config_panel_8.cpp;do_keyboard_config
CFG_config_panel_8.cpp;do_keyboard_conf
CFG_config_panel_8.cpp;do_core_config
CFG_config_panel_8.cpp;Box_artnet_udpport
CFG_config_panel_8.cpp;do_network_config
CFG_config_panel_8.cpp;do_main_config
CFG_config_panel_8.cpp;SelectDmxDevice
CFG_config_panel_8.cpp;affect_dmx_in
CFG_config_panel_8.cpp;do_dmx_config
CFG_config_panel_8.cpp;save_network_settings
CFG_config_panel_8.cpp;load_network_conf
CFG_config_panel_8.cpp;do_panel_config
CFG_config_panel_8.cpp;mouseOverTab_W_CFGMENU
CFG_config_panel_8.cpp;config_general_menu
CFG_screen.cpp;reload_window_positions
CFG_screen.cpp;store_window_positions
CFG_screen.cpp;do_screen_config
channels_10_visu.cpp;ChannelScroller
channels_10_visu.cpp;ClassicalChannelSpace
channels_10_visu.cpp;Draw_Channel_Preset_Title
channels_10_visu.cpp;Draw_Channel_Preset_View
channels_10_visu.cpp;ChannelsMenuSelection
channels_9_core.cpp;snap_channels_selection_array
channels_9_core.cpp;channel_copy
channels_9_core.cpp;channel_paste
channels_9_core.cpp;reset_blind
channels_9_core.cpp;Channel_select_all
channels_9_core.cpp;Channel_select_inv
channels_9_core.cpp;Channel_select_thruth
channels_9_core.cpp;Channel_at_level
channels_9_core.cpp;DoMouseLevel
channels_9_core.cpp;do_logical_ChannelScroller
channels_9_core.cpp;do_logical_Draw_Channel_Preset_View
channels_9_core.cpp;do_logical_Draw_Channel_Preset_Title
channels_9_core.cpp;do_logical_ClassicalChannelSpace
channels_9_core.cpp;do_logical_ChannelsMenuSelection
chasers_core_5.cpp;refresh_chaser_midi_out
chasers_core_5.cpp;set_refresh_mode_for_chaser
chasers_core_5.cpp;refresh_launchpad_on_chaser
chasers_core_5.cpp;chaser_calcul_time_joint
chasers_core_5.cpp;chaser_calcul_step
chasers_core_5.cpp;do_chaser
chasers_core_5.cpp;chaser_clear_preset
chasers_core_5.cpp;DoClearChaserTrack
chasers_core_5.cpp;DoClearAChaser
chasers_core_5.cpp;DoDockChaserTrack
chasers_core_5.cpp;chaser_load_from_preset
chasers_core_5.cpp;chaser_store_in_preset
chasers_core_5.cpp;DoModifyChaserTrack
chasers_core_5.cpp;DoReportChaserTrack
chasers_core_5.cpp;chaser_seek_at_beg
chasers_core_5.cpp;chaser_select_all_track
chasers_core_5.cpp;chaser_select_off_all_track
chasers_core_5.cpp;chaser_select_inv_track
chasers_core_5.cpp;chaser_select_no_track
chasers_core_5.cpp;bouton_view_track_downup_core
chasers_core_5.cpp;bouton_view_launchpad_pos_core
chasers_core_5.cpp;Track_draw_logical
chasers_core_5.cpp;do_logical_fenetre_chasers
chasers_core_5.cpp;set_chaser_tempo_unit
chasers_core_5.cpp;do_autolaunch
chasers_core_5.cpp;refresh_chaser_window_timeline_for_midi_out
chasers_visu.cpp;set_cue_in_view
chasers_visu.cpp;set_cue_out_view
chasers_visu.cpp;seek_cue_in_view
chasers_visu.cpp;set_forward_sens_view
chasers_visu.cpp;set_backward_sens_view
chasers_visu.cpp;set_back_and_forward_sens_view
chasers_visu.cpp;bouton_track_up
chasers_visu.cpp;bouton_track_stay
chasers_visu.cpp;bouton_track_down
chasers_visu.cpp;bouton_view_track_downup
chasers_visu.cpp;bouton_view_launchpad_pos
chasers_visu.cpp;Track_draw
chasers_visu.cpp;chaser_window
CORE_6.cpp;reset_numeric_entry
CORE_6.cpp;write_text_to_log_file
CORE_6.cpp;clear_log_file
CORE_6.cpp;return_lowest
CORE_6.cpp;return_highest
CORE_6.cpp;constrain_data_to_dmx_range
CORE_6.cpp;constrain_data_to_midi_range
CORE_6.cpp;unselect_ch_and_symbols
CORE_6.cpp;reset_temp_state_for_channel_macros_launch
CORE_6.cpp;fader_set_level
CORE_6.cpp;player1_do_stop
CORE_6.cpp;player2_do_stop
CORE_6.cpp;player3_do_stop
CORE_6.cpp;player4_do_stop
CORE_6.cpp;check_channel_is_patched
CORE_6.cpp;constrain_int_data_to_this_range
CORE_6.cpp;set_new_values_in_wave
CORE_6.cpp;clear_wave_buffer
CORE_6.cpp;clear_wave_brush
CORE_6.cpp;clear_wave_slots
CORE_6.cpp;wave_calculations
CORE_6.cpp;seek_to_beg_wave
CORE_6.cpp;check_echo_bounce_done
CORE_6.cpp;prepare_bounce
CORE_6.cpp;recall_channel_state_in_an_echo
CORE_6.cpp;snap_fader_state
CORE_6.cpp;snap_kill_and_bounce
CORE_6.cpp;record_channel_ch_state_in_an_echo
CORE_6.cpp;record_channel_state_in_an_echo
CORE_6.cpp;clear_banger
CORE_6.cpp;recall_fader_state_echo
CORE_6.cpp;clear_echo_levels
CORE_6.cpp;clear_ground_levels
CORE_6.cpp;clear_echo_preset
CORE_6.cpp;Draw_point_and_perform_level_on_area_NEW
CORE_6.cpp;recalculate_draw_sizes
CORE_6.cpp;draw_erase_drawing
CORE_6.cpp;clear_draw_preset
CORE_6.cpp;copy_banger
CORE_6.cpp;reset_index_actions
CORE_6.cpp;reset_indexs_confirmation
CORE_6.cpp;affect_wave_to_dock
CORE_6.cpp;do_clock_level_modification
CORE_6.cpp;reset_channel_first_dimmer_list
CORE_6.cpp;generate_channel_preview_patch_list
CORE_6.cpp;check_presence_of_a_channel_in_views
CORE_6.cpp;check_wich_channel_is_in_view
CORE_6.cpp;check_presence_of_any_channel_in_A_view
CORE_6.cpp;check_presence_of_A_channel_in_A_view
CORE_6.cpp;detect_last_activ_channel_in_activ_view
CORE_6.cpp;toggle
CORE_6.cpp;bounce
CORE_6.cpp;count_number_of_channels_in_view
CORE_6.cpp;refresh_positions_preset_view_poignee
CORE_6.cpp;clear_selection_in
CORE_6.cpp;build_preset_view_from_mem
CORE_6.cpp;build_preset_view_from_fader
CORE_6.cpp;reorder_channel_view_list_of_channels
CORE_6.cpp;build_preset_view_from_all_existing_mems
CORE_6.cpp;build_preset_view_from_all_faders
CORE_6.cpp;build_preset_view_from_all_existing_mems_and_faders
CORE_6.cpp;report_selection_in
CORE_6.cpp;generate_channel_view_list_from_patched_circuits
CORE_6.cpp;record_selection_in
CORE_6.cpp;modify_selection_in
CORE_6.cpp;clear_plot_legend
CORE_6.cpp;affect_mover_to_fader
CORE_6.cpp;reset_error_on_save_load
CORE_6.cpp;detect_error_on_save_load
CORE_6.cpp;clear_report_string
CORE_6.cpp;clear_xyrelativ_preset
CORE_6.cpp;affect_preset_xy_to_symbols
CORE_6.cpp;record_preset_xy_from_symbol
CORE_6.cpp;clear_completely_the_patch
CORE_6.cpp;show_title
CORE_6.cpp;load_plan_of_theatre
CORE_6.cpp;set_plot_background_to_default
CORE_6.cpp;refresh_shape_factors
CORE_6.cpp;set_all_faders_midi_out
CORE_6.cpp;refresh_all_midi_out_faders
CORE_6.cpp;reset_window_opened_indexes
CORE_6.cpp;constrain_banger_type
CORE_6.cpp;constrain_banger_param
CORE_6.cpp;reset_banger_params
CORE_6.cpp;reset_banger_event
CORE_6.cpp;reset_audio_indexs_to_dock
CORE_6.cpp;set_all_saves_indexes_at
CORE_6.cpp;reset_modified_levels_in_crossfade
CORE_6.cpp;exclude_reinclude_channels_from_grand_master_action
CORE_6.cpp;set_new_time_in_tap_tempo
CORE_6.cpp;refresh_hauteur_fenetre_grider
CORE_6.cpp;reset_window_positions
CORE_6.cpp;Get_channels_from_memory
CORE_6.cpp;search_and_desaffect_previous_midi_signal
CORE_6.cpp;reset_index_affect_midi
CORE_6.cpp;show_type_midi
CORE_6.cpp;attribute_midi_to_control
CORE_6.cpp;attribute_midi_solo_affectation
CORE_6.cpp;process_assign_to_core
CORE_6.cpp;reset_and_recall_iCat_images
CORE_6.cpp;copy_iCatPage
CORE_6.cpp;clear_iCat_sliders
CORE_6.cpp;clear_iCat_buttons
CORE_6.cpp;clear_iCat_strings
CORE_6.cpp;clear_iCat_trackingzone
CORE_6.cpp;clear_iCat_page
CORE_6.cpp;detect_actual_master_lock_is
CORE_6.cpp;save_load_print_to_screen
CORE_6.cpp;minifader_selection_record
CORE_6.cpp;minifader_selection_clear
CORE_6.cpp;minifader_lockselection_record
CORE_6.cpp;refresh_stage
CORE_6.cpp;reset_indexes_conf
CORE_6.cpp;button_midi_out_core
CORE_6.cpp;button_midi_out_visu
CORE_6.cpp;show_who_is_in_dock
CORE_6.cpp;reset_check_grada_overide_dimmers
CORE_6.cpp;reset_all_bangers
CORE_6.cpp;reset_save_load_report_string
CORE_6.cpp;scan_audiofolder
CORE_6.cpp;snapshot_windows
CORE_6.cpp;close_all_windows
CORE_6.cpp;write_window_indexes_from_list_of_windows
CORE_6.cpp;rafraichissement_clockwheel
CORE_6.cpp;recall_windows
CORE_6.cpp;refresh_time_cursor
CORE_6.cpp;set_time_cursor_to_time_type
CORE_6.cpp;read_time_string_entry
CORE_6.cpp;reset_midi_receiver_array
CORE_6.cpp;detect_master_lock
CORE_6.cpp;do_lock_preset
CORE_6.cpp;do_stock_fadersstate
CORE_6.cpp;do_recall_fadersstate
CORE_6.cpp;dessafect_index_curves
CORE_6.cpp;reconstruct_plot_dimmer_list_from_patch
CORE_6.cpp;patch_straight
CORE_6.cpp;patch_select_all_dimmers
CORE_6.cpp;patch_clear_selected
CORE_6.cpp;patch_to_default_selected
CORE_6.cpp;set_channel_scroll
CORE_6.cpp;set_patch_scroll
CORE_6.cpp;load_Fader_state_to_midi_array
CORE_6.cpp;midi_send_program_change
CORE_6.cpp;send_my_midi_note
CORE_6.cpp;send_my_midi_note_delayed
CORE_6.cpp;send_immidiateley_my_midi_cc
CORE_6.cpp;midi_send_type_message
CORE_6.cpp;emit_midi_out
CORE_6.cpp;load_etat_picker_dans_dockcolor
CORE_6.cpp;refresh_ocv_settings
CORE_6.cpp;refresh_decay
CORE_6.cpp;LoadWhiteCatColorProfil
CORE_6.cpp;record_memory
CORE_6.cpp;refresh_mem_onstage
CORE_6.cpp;record_memory_plus_faders
CORE_6.cpp;overrecord_memory_plus_faders
CORE_6.cpp;snap_mem_to_copy
CORE_6.cpp;copy_mem_in
CORE_6.cpp;prepare_crossfade
CORE_6.cpp;detect_mem_before_one
CORE_6.cpp;detect_mem_preset
CORE_6.cpp;detect_next_mem
CORE_6.cpp;detect_mem_preset_previous
CORE_6.cpp;detect_next_preset
CORE_6.cpp;refresh_mem_onpreset
CORE_6.cpp;create_memory
CORE_6.cpp;create_memory_plus_faders
CORE_6.cpp;delete_memory
CORE_6.cpp;refresh_integrated_gridplayer1
CORE_6.cpp;do_load_mem_preset_while_crossfade
CORE_6.cpp;do_double_go_function
CORE_6.cpp;do_go_back_function
CORE_6.cpp;do_go_function
CORE_6.cpp;patch_unselect_all_dimmers
CORE_6.cpp;build_default_curve
CORE_6.cpp;set_to_default_my_roi
CORE_6.cpp;set_to_default_my_trackers
CORE_6.cpp;set_to_default_this_tracker
CORE_6.cpp;write_show_coming_from
CORE_6.cpp;scan_for_free_dock
CORE_6.cpp;detect_dock_used
CORE_6.cpp;refresh_minifader_state_view_core
CORE_6.cpp;do_action_on_selected_minifaders
CORE_6.cpp;match_minifaders
CORE_6.cpp;affect_time_entry_to_mem
CORE_6.cpp;do_sprintf_job
CORE_6.cpp;remember_config_page
CORE_6.cpp;window_who_is_on_top
CORE_6.cpp;substract_a_window
CORE_6.cpp;clear_ip_artnet
CORE_6.cpp;GlobInit
CORE_6.cpp;reset_show
CORE_6.cpp;substract_channel_selection_to_layers_plot
dmx_enttec_pro.cpp;Enttec_Pro_SetCommParams
dmx_enttec_pro.cpp;Enttec_Pro_SendData
dmx_enttec_pro.cpp;Enttec_Pro_SetCommParamsIN
dmx_enttec_pro.cpp;Enttec_Pro_ReceiveData
dmx_enttec_pro.cpp;Detect_EnttecProOut
dmx_enttec_pro.cpp;Open_EnttecProOut
dmx_enttec_pro.cpp;Close_EnttecProOut
dmx_enttec_pro.cpp;Detect_EnttecProIn
dmx_enttec_pro.cpp;Open_ProIn
dmx_enttec_pro.cpp;Close_ProIn
dmx_functions_14.cpp;Init_A_specific_dmx_interface
dmx_functions_14.cpp;Init_dmx_interface
dmx_functions_14.cpp;Close_A_specific_dmx_interface
dmx_functions_14.cpp;Close_dmx_interface
dmx_functions_14.cpp;check_if_dmx_change
dmx_functions_14.cpp;SendData_to_interface
dmx_functions_14.cpp;Attribute_ArtNet
dmx_functions_14.cpp;refresh_modified_levels_in_crossfade
dmx_functions_14.cpp;do_crossfade
dmx_functions_14.cpp;do_goback
dmx_functions_14.cpp;prepare_lfos
dmx_functions_14.cpp;do_lfos
dmx_functions_14.cpp;Merger_Faders
dmx_functions_14.cpp;calculs_etats_faders_et_contenus
dmx_functions_14.cpp;Merger_Sequenciel
dmx_functions_14.cpp;Merger
dmx_functions_14.cpp;load_dmx_conf
dmx_functions_14.cpp;Save_my_dmx_conf
dmx_functions_14.cpp;Receive_DMX_IN
dmx_sunlite.cpp;int
dmx_sunlite.cpp;close_sunlite
dmx_sunlite.cpp;sunlite_send_data
dmx_sunlite.cpp;Receive_sunlite_dmxIN
dmx_sunlite.cpp;reset_dmx_out
Draw3.cpp;snap_state_of_draw_grid
Draw3.cpp;merge_draw_and_grid_player
Draw3.cpp;Draw_TrackingAera
Draw3.cpp;Draw_Window
Draw3.cpp;do_logical_Draw_TrackingAera
Draw3.cpp;do_logical_Draw_Window
echo3.cpp;do_bouncing_levels
echo3.cpp;do_echo
echo3.cpp;do_logical_Echo_Aera
echo3.cpp;do_logical_echo_window
echo3.cpp;Echo_Aera
echo3.cpp;echo_window
faders_core_24.cpp;indicate_wich_fader_is_the_highest
faders_core_24.cpp;asservissement_gridplayer
faders_core_24.cpp;DoLock
faders_core_24.cpp;do_logical_fader_damper_commands
faders_core_24.cpp;do_logical_Lock_Preset_Call
faders_core_24.cpp;do_logical_lfo_fader_functions
faders_core_24.cpp;do_logical_MoveFaderSpace
faders_core_24.cpp;do_logical_Touche_Midi_Mute
faders_core_24.cpp;do_logical_FaderSpace
faders_operations.cpp;Unselect_other_docks
faders_operations.cpp;DoTimeToDock
faders_operations.cpp;ClearDock
faders_operations.cpp;affect_echo_to_dock
faders_operations.cpp;affect_draw_preset_to_dock
faders_operations.cpp;ClearFader
faders_operations.cpp;record_minifaders_selected_as_fgroup
faders_operations.cpp;affect_selected_faders_to_fgroup
faders_operations.cpp;DoDock
faders_operations.cpp;DoModify
faders_operations.cpp;DoReport
faders_operations.cpp;affect_color_to_dock
faders_operations.cpp;affect_network_to_dock
faders_operations.cpp;affect_dmxIN_to_dock
faders_operations.cpp;affect_video_tracking_to_dock
faders_operations.cpp;affect_audio_control_to_dock
faders_operations.cpp;affect_chaser_to_dock
faders_operations.cpp;Unselect_all_channels
faders_operations.cpp;affect_color_to
faders_operations.cpp;affect_to_tracker
faders_operations.cpp;do_direct_channel
faders_visuels_26.cpp;fader_damper_commands
faders_visuels_26.cpp;lfo_fader_functions
faders_visuels_26.cpp;MoveFaderSpace
faders_visuels_26.cpp;Touche_Midi_Mute
faders_visuels_26.cpp;Lock_Preset_Call
faders_visuels_26.cpp;Commandes_faders_generales
faders_visuels_26.cpp;FaderSpace
gestionaire_fenetres2.cpp;reset_config_indexes
gestionaire_fenetres2.cpp;clear_non_desired_values_in_window_list
gestionaire_fenetres2.cpp;initialisation_tableau_windows
gestionaire_fenetres2.cpp;check_nbre_opened_windows
gestionaire_fenetres2.cpp;add_a_window
gestionaire_fenetres2.cpp;initiate_windows
gestionaire_fenetres2.cpp;window_bring_to_front
gestionaire_fenetres2.cpp;check_save_load_report_window
grand_master.cpp;do_logical_grand_master
grand_master.cpp;grand_master
graphics_rebuild1.cpp;RetourInfos
graphics_rebuild1.cpp;show_windows_list_id
graphics_rebuild1.cpp;Boxes
graphics_rebuild1.cpp;Procedure
graphics_rebuild1.cpp;DoMouse
grider8.cpp;TheStepBox
grider8.cpp;TheGrid_commands
grider8.cpp;TheGrid_divers
grider8.cpp;TheGrid_matrix
grider8.cpp;ThePlayCommands
grider8.cpp;TheCallGridBox
grider8.cpp;Grid_player
grider8.cpp;GlobalGridViewer
grider8.cpp;Grider_Box
grider_calculs8.cpp;affichage_time_format
grider_calculs8.cpp;refresh_step_in_player
grider_calculs8.cpp;clear_a_grid_step
grider_calculs8.cpp;clear_part_of_a_grid
grider_calculs8.cpp;clear_a_grid
grider_calculs8.cpp;copy_grid_partially
grider_calculs8.cpp;copy_step_to_step
grider_calculs8.cpp;insert_steps
grider_calculs8.cpp;gridder_prepare_cross
grider_calculs8.cpp;do_grid
grider_calculs8.cpp;gridplayer_step_minus
grider_calculs8.cpp;gridplayer_step_plus
grider_calculs8.cpp;gridplayer_seek
grider_core8.cpp;do_logical_TheStepBox
grider_core8.cpp;do_logical_TheGrid_commands
grider_core8.cpp;do_logical_TheGrid_matrix
grider_core8.cpp;do_logical_TheGrid_divers
grider_core8.cpp;do_logical_ThePlayCommands
grider_core8.cpp;do_logical_TheCallGridBox
grider_core8.cpp;do_logical_Grid_player
grider_core8.cpp;do_logical_GlobalGridViewer
grider_core8.cpp;do_logical_Grider_Box
gui_boutons_rebuild1.cpp;bouton_on_view
gui_boutons_rebuild1.cpp;bouton_text_view
gui_boutons_rebuild1.cpp;do_logical_rotatif
iCat14.cpp;init_iphone_fonts
iCat14.cpp;init_iCat_data
iCat14.cpp;fermeture_client_iCat
iCat14.cpp;initialisation_clientserveur_iCat
iCat14.cpp;fermeture_clientserveur_iCat
iCat14.cpp;Menu_edition_iCat_sliders
iCat14.cpp;Menu_edition_iCat_boutons
iCat14.cpp;Menu_edition_iCat_strings
iCat14.cpp;Point_Viewing
iCat14.cpp;Tablier_GUI_editor
iCat14.cpp;Menu_edition_tracking_zone
iCat14.cpp;BoxGuiBuilder_iCat
iCat14.cpp;BoxiCat
iCat14.cpp;reset_button
iCat14.cpp;check_button
iCat14.cpp;check_slider
iCat14.cpp;check_tracker_zone
iCat14.cpp;DoJobFantastickTouch
iCat14.cpp;ReceiveFantastick
icat_core14.cpp;recalculate_iCatBuilder_window_size
icat_core14.cpp;reset_previous_levels_infos
icat_core14.cpp;load_iCat_page
icat_core14.cpp;refresh_continuously_iCat_trackerzones
icat_core14.cpp;refresh_continuously_iCat_sliders
icat_core14.cpp;refresh_check_buttons
icat_core14.cpp;refresh_continuously_iCat_buttons
icat_core14.cpp;To_iCat_DrawSlider
icat_core14.cpp;To_iCat_DrawButton
icat_core14.cpp;To_iCat_DrawTrackingZone
icat_core14.cpp;To_iCat_DrawString
icat_core14.cpp;Fantastick_check_string
icat_core14.cpp;do_refresh_iCat
Kalman.cpp;Kalman::Kalman
Kalman.cpp;Kalman::setFactors
Kalman.cpp;Kalman::init
Kalman.cpp;Kalman::setProcessNoiseCovariance
Kalman.cpp;Kalman::setMeasurementNoiseCovariance
Kalman.cpp;Kalman::setEstimatiomErrorCovariance
Kalman.cpp;Kalman::reset
Kalman.cpp;Kalman::kalmanUpdate
keyboard_functions2.cpp;generation_Tableau_noms_clavier_FR
keyboard_functions2.cpp;check_channel_minus
keyboard_functions2.cpp;check_channel_plus
keyboard_functions2.cpp;select_channel_minus
keyboard_functions2.cpp;select_channel_plus
keyboard_functions2.cpp;key_switch_window_up
keyboard_functions2.cpp;key_switch_window_down
keyboard_functions2.cpp;key_affectation
keyboard_functions2.cpp;key_add_ch
keyboard_functions2.cpp;key_minus_ch
keyboard_functions2.cpp;key_up
keyboard_functions2.cpp;key_down
keyboard_functions2.cpp;key_unselect_ch
keyboard_functions2.cpp;key_thruth
keyboard_functions2.cpp;key_go
keyboard_functions2.cpp;key_presetvideo
keyboard_functions2.cpp;key_roi
keyboard_functions2.cpp;key_full
keyboard_functions2.cpp;key_time_in
keyboard_functions2.cpp;key_time_out
keyboard_functions2.cpp;key_time_in_out
keyboard_functions2.cpp;key_at_zero
keyboard_functions2.cpp;key_select_inv
keyboard_functions2.cpp;key_backward
keyboard_functions2.cpp;key_forward
keyboard_functions2.cpp;key_select_all
keyboard_functions2.cpp;key_left
keyboard_functions2.cpp;key_right
keyboard_functions2.cpp;key_printscreen
keyboard_routines2.cpp;recall_config_page
keyboard_routines2.cpp;commandes_clavier
list_proj_core.cpp;do_the_macro_of_the_channel
list_proj_core.cpp;do_channels_macro
list_proj_core.cpp;Channel_macros_core
list_proj_core.cpp;do_logical_liste_projecteurs
list_proj_visu.cpp;Channel_macros_visu
list_proj_visu.cpp;liste_projecteurs
logicals_intres.cpp;entetes_confirmation
logicals_intres.cpp;operations_confirmation
logicals_intres.cpp;fenetre_confirm
MAIN_janv_2014_opensource_kbd.cpp;BPS_TO_TIMER
MAIN_janv_2014_opensource_kbd.cpp;Arduino_Kalman
MAIN_janv_2014_opensource_kbd.cpp;END_OF_FUNCTION
MAIN_janv_2014_opensource_kbd.cpp;END_OF_FUNCTION
MAIN_janv_2014_opensource_kbd.cpp;ticker_dmxIn
MAIN_janv_2014_opensource_kbd.cpp;END_OF_FUNCTION
MAIN_janv_2014_opensource_kbd.cpp;END_OF_FUNCTION
MAIN_janv_2014_opensource_kbd.cpp;my_callback
MAIN_janv_2014_opensource_kbd.cpp;END_OF_FUNCTION
MAIN_janv_2014_opensource_kbd.cpp;END_OF_FUNCTION
MAIN_janv_2014_opensource_kbd.cpp;END_OF_FUNCTION
MAIN_janv_2014_opensource_kbd.cpp;END_OF_FUNCTION
MAIN_janv_2014_opensource_kbd.cpp;main_actions_on_screen
MAIN_janv_2014_opensource_kbd.cpp;main
MAIN_janv_2014_opensource_kbd.cpp;END_OF_MAIN
midi_13.cpp;do_midi_call_order
midi_13.cpp;do_midi_job
midi_13.cpp;ventilate_midi_to_midiarray
midi_13.cpp;ventilation_midi_sur_crossfade
midi_13.cpp;simulate_midi
midi_13.cpp;add_to_midi_historic
midi_13.cpp;EvAquire
midi_13.cpp;Display
midi_13.cpp;DisplayTask
midi_13.cpp;ReceivePolling
midi_13.cpp;ReceiveEvents
midi_13.cpp;PrintSlotsInfosDevices
midi_13.cpp;midi_change_signal
midi_13.cpp;midi_list_and_choose_devices
midi_13.cpp;midi_historic_part
midi_13.cpp;midipage_affectation
midi_13.cpp;refresh_launchpad_color_callibration
midi_13.cpp;midi_launchpad_colors
midi_13.cpp;clock_wheel
midi_13.cpp;midi_clock_part
midi_13.cpp;midipage_preset_and_options
midi_13.cpp;midipage_devices
midi_13.cpp;do_midi_config
midi_CORE.cpp;ReceiveEvents
midi_CORE.cpp;InitTblLibEv
midi_CORE.cpp;InstallFilter
midi_CORE.cpp;InitMidi
midi_CORE.cpp;QuitMidi
midi_launchpad.cpp;define_colors
midi_launchpad.cpp;launchpad_set_led
midi_launchpad.cpp;launchpad_set_bool_value
midi_launchpad.cpp;launchpad_set_zero_value
midi_launchpad.cpp;launchpad_refresh_buffer_led
midi_launchpad.cpp;reset_launchpad
minifaders_core.cpp;all_at_zero_panel_core
minifaders_core.cpp;mini_faders_panel_core
minifaders_visu.cpp;draw_sign_up
minifaders_visu.cpp;draw_sign_down
minifaders_visu.cpp;draw_sign_saw
minifaders_visu.cpp;draw_sign_prev
minifaders_visu.cpp;draw_sign_next
minifaders_visu.cpp;draw_sign_up_down
minifaders_visu.cpp;show_fgroup_in_minifaders_window
minifaders_visu.cpp;all_at_zero_panel_visu
minifaders_visu.cpp;mini_faders_panel_visu
mover_2013.cpp;reset_memoires
mover_2013.cpp;ClearGotoStep
mover_2013.cpp;ClearIntoStep
mover_2013.cpp;convert_bytes_to_int
mover_2013.cpp;Move_refresh_xy
mover_2013.cpp;prepare_move_values
mover_2013.cpp;Clear_the_Move
mover_2013.cpp;Move_AddStep
mover_2013.cpp;Move_RecStep
mover_2013.cpp;Move_DelStep
mover_2013.cpp;Move_StepBackward
mover_2013.cpp;Move_StepForward
mover_2013.cpp;Move_Autostop
mover_2013.cpp;MoveAffectGoto
mover_2013.cpp;inversion_of_axes
mover_2013.cpp;SetAllParams
mover_2013.cpp;ImportMoveInMyDock
mover_2013.cpp;TimeShift
mover_2013.cpp;Print_Points
mover_2013.cpp;reset_mover_buffer
mover_2013.cpp;param_editor
mover_2013.cpp;mover_box
mover_2013.cpp;Move_do_crossfade
mover_2013.cpp;ventilation_niveaux_mover
mover_spline6.cpp;node_dist
mover_spline6.cpp;dummy_node
mover_spline6.cpp;calc_tangents
mover_spline6.cpp;get_control_points
mover_spline6.cpp;get_control_points_backward
mover_spline6.cpp;draw_spline
mover_spline6.cpp;draw_splines
mover_spline6.cpp;ShowSpline
mover_spline6.cpp;Prepare_Cross_Spline
my_window_file_sample.cpp;do_logical_my_window_Box
my_window_file_sample.cpp;my_window_Box
network_artnet_3.cpp;Node
network_artnet_3.cpp;diodes_artnet
network_artnet_3.cpp;light_temoin_universe
network_artnet_3.cpp;light_temoin_emission
network_artnet_3.cpp;reset_poll_list
network_artnet_3.cpp;show_artpoll_reply
network_artnet_3.cpp;init_artnet_variables
network_artnet_3.cpp;DoArtPollReply
network_artnet_3.cpp;ReceiveArtDmx
network_artnet_3.cpp;load_artnet_conf
network_artnet_3.cpp;save_artnet_conf
network_artnet_3.cpp;detection_reseaux
network_artnet_3.cpp;initialisation_serveur_artnet
network_artnet_3.cpp;fermeture_serveur_artnet
network_artnet_3.cpp;detection_mise_en_place_carte_reseaux
network_artnet_3.cpp;initialisation_client_artnet
network_artnet_3.cpp;fermeture_client_artnet
network_artnet_3.cpp;ConstructArtPoll
network_artnet_3.cpp;ArtDmx
network_artnet_3.cpp;ConstructArtPollReply
network_artnet_3.cpp;AnalyseArtPollReply
network_MAC_adress_3.cpp;Box_IP_routing
network_MAC_adress_3.cpp;do_artnet_affect_config
numpad_core.cpp;do_wheel_level_job
numpad_core.cpp;level_wheel_core
numpad_core.cpp;do_logical_visual_numeric_pad
numpad_visuel.cpp;rafraichissement_padwheel
numpad_visuel.cpp;level_wheel
numpad_visuel.cpp;visual_numeric_pad
patch_core.cpp;do_curve_affectation
patch_core.cpp;load_curve_in_temp_curve
patch_core.cpp;check_dimmer_minus_override
patch_core.cpp;check_dimmer_plus_override
patch_core.cpp;do_logical_menu_curve
patch_core.cpp;do_logical_PatchBox
patch_splines_2.cpp;curve_node_dist
patch_splines_2.cpp;dummy_curve_node
patch_splines_2.cpp;curve_calc_tangents
patch_splines_2.cpp;curve_get_control_points
patch_splines_2.cpp;write_curve
patch_splines_2.cpp;draw_curve_node
patch_splines_2.cpp;curve_draw_splines
patch_splines_2.cpp;view_curve_after_draw
patch_splines_2.cpp;SplineCurve
patch_splines_2.cpp;build_square_curve
patch_splines_2.cpp;build_fluo_curve
patch_splines_2.cpp;build_preheat_curve
patch_splines_2.cpp;build_inverse_curve
patch_visu.cpp;menu_curve
patch_visu.cpp;PatchBox
plot9.cpp;draw_channel_of_symbol
plot9.cpp;draw_gels_of_a_symbol
plot9.cpp;draw_line_to_channel_of_symbol
plot9.cpp;plot_draw_symbol_pc
plot9.cpp;plot_draw_symbol_fresnel
plot9.cpp;plot_draw_symbol_decoupe_etc_1
plot9.cpp;plot_draw_symbol_decoupe_etc_2
plot9.cpp;plot_draw_symbol_decoupe_etc_3
plot9.cpp;plot_draw_symbol_decoupe_1
plot9.cpp;plot_draw_symbol_decoupe_2
plot9.cpp;plot_draw_symbol_decoupe_3
plot9.cpp;plot_draw_symbol_Par_1
plot9.cpp;plot_draw_symbol_Par_2
plot9.cpp;plot_draw_symbol_Par_3
plot9.cpp;plot_draw_symbol_Par_4
plot9.cpp;plot_draw_symbol_Horiziode_assym
plot9.cpp;plot_draw_symbol_Horiziode_sym
plot9.cpp;plot_draw_symbol_BT
plot9.cpp;plot_draw_symbol_T8
plot9.cpp;plot_draw_symbol_Blinder
plot9.cpp;plot_draw_symbol_Svoboda
plot9.cpp;plot_draw_symbol_ACL
plot9.cpp;plot_draw_symbol_fluo_little
plot9.cpp;plot_draw_symbol_fluo_big
plot9.cpp;plot_draw_symbol_FollowSpot1
plot9.cpp;plot_draw_symbol_FollowSpot2
plot9.cpp;plot_draw_symbol_VP1
plot9.cpp;plot_draw_symbol_VP2
plot9.cpp;plot_draw_symbol_slideprojector
plot9.cpp;plot_draw_symbol_retroprojector
plot9.cpp;plot_draw_symbol_barndoors
plot9.cpp;plot_draw_symbol_top_hat
plot9.cpp;plot_draw_symbol_color_extender
plot9.cpp;plot_draw_symbol_colorchanger
plot9.cpp;plot_draw_symbol_jalousie
plot9.cpp;plot_draw_symbol_iris
plot9.cpp;plot_draw_symbol_goboholder
plot9.cpp;plot_draw_symbol_shutter
plot9.cpp;plot_draw_symbol_motorized_mirror
plot9.cpp;plot_draw_symbol_platine_de_sol
plot9.cpp;plot_draw_symbol_littlestand
plot9.cpp;plot_draw_symbol_bigstand
plot9.cpp;plot_draw_symbol_barre_de_couplage
plot9.cpp;plot_draw_symbol_echelle
plot9.cpp;plot_draw_symbol_pont50_1m
plot9.cpp;plot_draw_symbol_pont50_3m
plot9.cpp;plot_draw_symbol_pont50_jonction
plot9.cpp;plot_draw_symbol_pont30_1m
plot9.cpp;plot_draw_symbol_pont30_3m
plot9.cpp;plot_draw_symbol_pont30_jonction
plot9.cpp;plot_draw_symbol_smokemachine
plot9.cpp;plot_draw_symbol_fogmachine
plot9.cpp;plot_draw_symbol_direct
plot9.cpp;plot_draw_symbol_serviceligth
plot9.cpp;plot_draw_symbol_dimmerline
plot9.cpp;plot_print_neutral_symbol
plot9.cpp;plot_symbol_list
plot9.cpp;plot_draw_shape_line
plot9.cpp;plot_draw_shape_stripline
plot9.cpp;plot_draw_rectangle
plot9.cpp;plot_draw_shape_curtain
plot9.cpp;plot_draw_circle
plot9.cpp;plot_draw_slice
plot9.cpp;plot_draw_polygon
plot9.cpp;plot_draw_text
plot9.cpp;plot_shape_list
plot9.cpp;shape_edition
plot9.cpp;symbol_edition_options
plot9.cpp;plot_symbol_edition
plot9.cpp;plot_menu_bar
plot9.cpp;deroule_repertoire_plans
plot9.cpp;menu_plan
plot9.cpp;plot_draw_plan_grid_for_view_point
plot9.cpp;plot_draw_shapes
plot9.cpp;plot_draw_plan
plot9.cpp;plot_draw_levels
plot9.cpp;plot_draw_plan_bitmap
plot9.cpp;plot_draw_legend
plot9.cpp;plot_legend_menu
plot9.cpp;Plot_window
plot_core9.cpp;do_a_screen_capture
plot_core9.cpp;do_plot_screen_capture
plot_core9.cpp;right_click_on_plot
plot_core9.cpp;plot_reset_list_gelat
plot_core9.cpp;plot_reset_list_appareils
plot_core9.cpp;plot_generate_gels_list
plot_core9.cpp;plot_generate_appareils_list
plot_core9.cpp;scan_planfolder
plot_core9.cpp;add_channel_selection_to_layers_plot
plot_core9.cpp;change_shape_type
plot_core9.cpp;group_ungroup_selected_shapes
plot_core9.cpp;refresh_opening_angle
plot_core9.cpp;affect_angle_to_shapes
plot_core9.cpp;affect_polygon_nbr_of_corners
plot_core9.cpp;clear_shape_slot
plot_core9.cpp;unselect_all_shapes
plot_core9.cpp;affect_size_to_shape
plot_core9.cpp;affect_font_to_texts
plot_core9.cpp;affect_color_pattern_to_shape
plot_core9.cpp;affect_size_to_rect
plot_core9.cpp;copy_shape_to_emply_slot
plot_core9.cpp;rearrange_shapes
plot_core9.cpp;snapshot_shapes
plot_core9.cpp;delete_selected_shapes
plot_core9.cpp;refresh_view_shape_params
plot_core9.cpp;check_select_deselect_shape
plot_core9.cpp;store_plot_position_of_shapes
plot_core9.cpp;add_shape_to_plot
plot_core9.cpp;exchange_shape_position
plot_core9.cpp;position_down_selected_shapes
plot_core9.cpp;add_selected_shapes
plot_core9.cpp;position_on_top_selected_shapes
plot_core9.cpp;search_affect_first_dimmer_to_symbole
plot_core9.cpp;reset_symbols_selected
plot_core9.cpp;change_symbol_type
plot_core9.cpp;repatch_from_plot
plot_core9.cpp;store_plot_position_of_activ_calc
plot_core9.cpp;clear_grouped_to_symbols
plot_core9.cpp;clear_symbol_slot
plot_core9.cpp;recount_symbols_on_calc
plot_core9.cpp;clear_calc
plot_core9.cpp;add_a_symbol_to_plot
plot_core9.cpp;duplicate_selected_symbols
plot_core9.cpp;snapshot_calc
plot_core9.cpp;copy_symbol_to_emply_slot
plot_core9.cpp;reorder_plan
plot_core9.cpp;delete_selected_symbols
plot_core9.cpp;add_selected_symbols_to_calc
plot_core9.cpp;exchange_symbol_position
plot_core9.cpp;send_symbols_from_calc_to_calc
plot_core9.cpp;position_down_selected_symbols
plot_core9.cpp;position_on_top
plot_core9.cpp;group_symbols_selected
plot_core9.cpp;duplicate_selected_shapes
plot_core9.cpp;store_relativ_xy_position_of_activ_calc
plot_core9.cpp;store_relativ_xy_position_of_shape
plot_core9.cpp;check_select_deselect_symbol
plot_core9.cpp;affect_angle_to_symbols
plot_core9.cpp;edit_symbol_name
plot_core9.cpp;edit_shape_name
plot_core9.cpp;plot_align_x
plot_core9.cpp;plot_align_y
plot_core9.cpp;plot_ventilate_x
plot_core9.cpp;plot_ventilate_y
plot_core9.cpp;plot_shapes_align_x
plot_core9.cpp;plot_shapes_align_y
plot_core9.cpp;plot_shapes_ventilate_x
plot_core9.cpp;plot_shapes_ventilate_y
plot_core9.cpp;logical_plot_symbol_list
plot_core9.cpp;logical_plot_shape_list
plot_core9.cpp;logical_shape_edition
plot_core9.cpp;logical_symbol_edition_options
plot_core9.cpp;logical_plot_symbol_edition
plot_core9.cpp;logical_plot_menu_bare
plot_core9.cpp;logical_deroule_repertoire_plans
plot_core9.cpp;logical_menu_plan
plot_core9.cpp;do_logical_Plot_window
procs_visuels_rebuild1.cpp;wc_askConfirmWindowIsOpen
procs_visuels_rebuild1.cpp;detection_over_window
procs_visuels_rebuild1.cpp;move_window
procs_visuels_rebuild1.cpp;MoveCloseBox
procs_visuels_rebuild1.cpp;do_logical_MoveCloseBox
procs_visuels_rebuild1.cpp;logical_channelspace
procs_visuels_rebuild1.cpp;check_graphics_mouse_handling
saves_export_import.cpp;do_reset_all_listproj
saves_export_import.cpp;do_ASCII_import
saves_export_import.cpp;do_ASCII_export
saves_export_import.cpp;do_Schwartzpeter_import
saves_export_import.cpp;do_Alq_import
saves_export_pdf2.cpp;error_handler
saves_export_pdf2.cpp;draw_numpage
saves_export_pdf2.cpp;verification_fin_de_page
saves_export_pdf2.cpp;draw_fleche_link
saves_export_pdf2.cpp;draw_title
saves_export_pdf2.cpp;draw_info
saves_export_pdf2.cpp;draw_section
saves_export_pdf2.cpp;saut_de_page
saves_export_pdf2.cpp;check_there_is_someone_in_grid
saves_export_pdf2.cpp;pdf_draw_little_gridplayer
saves_export_pdf2.cpp;pdf_draw_channels_on_grid
saves_export_pdf2.cpp;pdf_draw_infos_of_step
saves_export_pdf2.cpp;draw_pdf_gridayer_state
saves_export_pdf2.cpp;draw_pdf_grid
saves_export_pdf2.cpp;draw_pdf_echo_config
saves_export_pdf2.cpp;draw_pdf_draw_config
saves_export_pdf2.cpp;draw_pdf_grid_players_config
saves_export_pdf2.cpp;draw_pdf_chaser
saves_export_pdf2.cpp;generate_list_midi_for_pdf
saves_export_pdf2.cpp;print_ch_macro
saves_export_pdf2.cpp;print_ch_from_plot
saves_export_pdf2.cpp;print_midi_command
saves_export_pdf2.cpp;draw_pdf_icat_preset
saves_export_pdf2.cpp;do_pdf_export
saves_menu_8.cpp;scan_savesfolder
saves_menu_8.cpp;scan_importfolder
saves_menu_8.cpp;choose_personnal_preset_binary_save_load
saves_menu_8.cpp;do_logical_choose_personnal_preset_binary_save_load
saves_menu_8.cpp;check_import_type
saves_menu_8.cpp;deroule_repertoire_export_import
saves_menu_8.cpp;do_logical_deroule_repertoire_export_import
saves_menu_8.cpp;deroule_repertoire_classical_save
saves_menu_8.cpp;do_logical_deroule_repertoire_classical_save
saves_menu_8.cpp;selecteur_PDF_save_solo_global
saves_menu_8.cpp;do_logical_selecteur_PDF_save_solo_global
saves_menu_8.cpp;selecteur_binary_save_solo_global
saves_menu_8.cpp;do_logical_selecteur_binary_save_solo_global
saves_menu_8.cpp;Save_Menu
saves_menu_8.cpp;do_logical_Save_Menu
save_show_13.cpp;artnet
save_show_13.cpp;sauvegarde
save_show_13.cpp;On_Open_name_of_directory
save_show_13.cpp;get_current_time
save_show_13.cpp;load_gel_list_numerical
save_show_13.cpp;Show_report_save_load
save_show_13.cpp;load_onstart_config
save_show_13.cpp;load_screen_config
save_show_13.cpp;load_core_config
save_show_13.cpp;Save_Core_Config
save_show_13.cpp;Save_onstart_Config
save_show_13.cpp;Save_Screen_Config
save_show_13.cpp;Save_Launchpad_RetroLight
save_show_13.cpp;Load_Launchpad_RetroLight
save_show_13.cpp;save_draw_preset_config
save_show_13.cpp;load_draw_preset_config
save_show_13.cpp;Save_Arduino_Config
save_show_13.cpp;load_arduino_config
save_show_13.cpp;Load_Window_Conf
save_show_13.cpp;Load_Sequenciel_Conf
save_show_13.cpp;Load_setup_conf
save_show_13.cpp;Save_setup_conf
save_show_13.cpp;Save_Plot_Plan_config
save_show_13.cpp;Load_Plot_Plan_config
save_show_13.cpp;write_indexes
save_show_13.cpp;load_indexes
save_show_13.cpp;load_show_coming_from
save_show_13.cpp;Save_Window_Conf
save_show_13.cpp;Load_User_Profile
save_show_13.cpp;Save_Sequenciel_Conf
save_show_13.cpp;Save_audiofiles_cues
save_show_13.cpp;Load_Audio_Conf
save_show_13.cpp;Save_Audio_Conf
save_show_13.cpp;Save_Show
save_show_13.cpp;Load_Show
save_show_13.cpp;save_the_show
save_show_13.cpp;load_the_show
save_show_13.cpp;do_wizard_reload_from_disk
sequentiel_6_core.cpp;call_mem_onstage
sequentiel_6_core.cpp;affect_time_from_chrono_to_mem
sequentiel_6_core.cpp;call_mem_onpreset
sequentiel_6_core.cpp;next_mem_crossfade_finished
sequentiel_6_core.cpp;do_call_time_and_rec_f1_f2_f3
sequentiel_6_core.cpp;do_logical_refresh_vision_memories
sequentiel_6_core.cpp;do_logical_x1_x2
sequentiel_6_core.cpp;do_logical_Sequenciel_Window
sequentiel_7_visu.cpp;refresh_vision_memories
sequentiel_7_visu.cpp;x1_x2
sequentiel_7_visu.cpp;Sequenciel_Window
Serial.cpp;CSerial::CSerial
Serial.cpp;CSerial::~CSerial
Serial.cpp;CSerial::Flush
Serial.cpp;CSerial::Open
Serial.cpp;CSerial::Close
Serial.cpp;CSerial::WriteCommByte
Serial.cpp;CSerial::SendData
Serial.cpp;CSerial::ReadDataWaiting
Serial.cpp;CSerial::ReadData
time_core_3.cpp;Chrono_PlayPause
time_core_3.cpp;do_logical_Time_Window
time_visu_3.cpp;print_time_reperes
time_visu_3.cpp;show_foreground_chrono
time_visu_3.cpp;Time_Window
trichro_core2.cpp;stock_etat_picker_dans_dockcolor
trichro_core2.cpp;CounterClockWise
trichro_core2.cpp;do_colors
trichro_core2.cpp;report_gels_to_rvb_trichro
trichro_core2.cpp;trichro_back_buffer
trichro_core2.cpp;show_who_is_in_dock_color
trichro_core2.cpp;do_logical_Interface_Trichromie
trichro_visu2.cpp;Interface_Trichromie
video_tracking_core.cpp;set_default_image_size
video_tracking_core.cpp;Load_Video_Conf
video_tracking_core.cpp;Save_Video_Conf
video_tracking_core.cpp;set_camera_size
video_tracking_core.cpp;set_image_caches
video_tracking_core.cpp;InitVideo
video_tracking_core.cpp;CloseVideo
video_tracking_core.cpp;Snap_Background
video_tracking_core.cpp;Filter_Image
video_tracking_core.cpp;do_logical_Move_Tracker
video_tracking_core.cpp;do_logical_Edit_Tracker_Size
video_tracking_core.cpp;ventilation_video_trackers
video_tracking_core.cpp;Trackers
video_tracking_core.cpp;do_logical_Set_Filtering_Image
video_tracking_core.cpp;show_who_is_in_ROI_as_channel
video_tracking_core.cpp;do_logical_Interface_video_window
video_tracking_visu.cpp;ShowTrackers
video_tracking_visu.cpp;Set_Filtering_Image
video_tracking_visu.cpp;tracking_print_to_screen
video_tracking_visu.cpp;Interface_video_window
wave.cpp;fenetre_wave_menus
wave.cpp;do_logical_fenetre_wave_menus
wizard.cpp;clear_wizard_store_ch_in
wizard.cpp;clear_wizard_store_ch_out
wizard.cpp;wizard_store_channel_in
wizard.cpp;wizard_store_channel_out
wizard.cpp;Box_mem_to_mem
wizard.cpp;fenetre_wizard
wizard_operations.cpp;wizard_detect_unused_channels
wizard_operations.cpp;wizard_calcul_nbre_de_mem
wizard_operations.cpp;wizard_calcul_nbre_de_mem_deleted
wizard_operations.cpp;wizard_rebuild
wizard_operations.cpp;wizard_clear_transfert_array
wizard_operations.cpp;wizard_clear_mem_original
wizard_operations.cpp;wizard_delete_mem
wizard_operations.cpp;wizard_restore_mem
wizard_operations.cpp;wizard_copy_mem
wizard_operations.cpp;wizard_inspekt_mem
wizard_operations.cpp;wizard_insert_mems
wizard_operations.cpp;wizard_move_mems
wizard_operations.cpp;wizard_reset_to_default_time
wizard_operations.cpp;do_wizard_mem
wizard_operations.cpp;do_wizard_ch
